term,Chi2_score
يهودي,274.65470523998016
ملحد,121.15240202788414
لعن,52.89770130159432
شيعه,52.315251148030505
ارهاب,51.75647863690453
قتل,50.11948785720544
بتويتر,43.742622495459514
كلب,38.96335613975229
رافضه,37.81172056903197
صهيوني,37.37421205776605
مجوس,36.298813243441955
ضد,35.138398369943346
كفر,34.839825662693904
نجس,34.39795165292254
الحوثي,32.055362087610504
نصراني,31.38943813372509
ارهب,30.893024610086425
كاظم,30.482142912290936
ساهر,28.34686879947117
كافر,26.88673541486645
لعنه,26.265447435801
خائن,25.752999522139522
قذر,24.7040785191084
سقط,24.0500974105325
عهر,23.82643093917255
حشد,23.50095608960611
جزيه,23.384373820747335
لن,23.380633980271007
حقد,22.747015233662953
الحوثيون,22.473381955574663
شيطان,22.38432293674793
شعب,22.096195374805784
صنعاء,21.392792529041728
ارهابي,20.385097703344147
وهابي,19.920543051510805
ليبرالي,19.920543051510805
شيء,18.86999985675846
ايران,18.79813390414954
عميل,18.71030397924564
سعود,17.824784473879717
سلط,17.79704250907976
جهل,17.691816909733646
سب,16.580070483128267
كذب,15.65028111247451
زلزل,15.616371881107234
اجبر,15.509471661344147
قرد,15.331434247120367
خنزير,15.331434247120367
حمار,15.180667281756133
حكم,15.065633175696378
داعش,15.046963225273098
حارب,14.931391291541415
مسجد,14.869189693463436
نفاق,14.495053350343538
وكيل,14.495053350343538
غبي,14.495053350343538
خميني,14.222239196659453
افتتاح,14.14710866867591
بز,14.125478938168563
غرب,14.120654303629648
انتقم,13.97762153613667
عدو,13.650747078556844
سبب,13.299477036216272
تدمير,13.14209554108293
سبت,13.115394757995595
محراب,13.115394757995595
تشارلز,12.898674295021232
زبر,12.807550691940738
حرب,12.099866725469196
حفيد,12.019633245444899
دمار,12.019633245444899
اوربي,12.019633245444899
خبيث,11.771382133537449
معمم,11.771382133537449
استغرب,11.722654453240244
صليبيه,11.722654453240244
جريمه,11.693272327671849
بني,10.955357858762508
حرام,10.950355337686377
اخطر,10.93647470049894
حاول,10.756457417981894
طهر,10.676754598853087
ماهو,10.655158231628711
اسرائيل,10.574038019294422
عاشر,10.489846099121346
رياض,10.452958684726479
شرك,10.399311115065624
كنيس,10.337298214327813
شعبي,9.867743220774251
امريكا,9.714889269037123
قضاء,9.702965476366643
سعودي,9.69040308450682
الحاد,9.69040308450682
فضح,9.551877873159931
وسخ,9.345228587559754
باطل,9.29946978028109
نظام,9.285050334929435
عقلاني,9.234859693837526
اباد,9.227201870311934
طبع,8.81564697473674
رافضي,8.81564697473674
اللات,8.81564697473674
عدوان,8.463885222569669
تاق,8.463885222569669
اباحي,8.463885222569669
روسي,8.417572597474189
ان,8.300550714724169
حاقد,8.223518342809543
قذاره,8.212885273455587
سيطره,8.212885273455587
تبع,8.191512763371444
شوف,8.156731635800124
دمر,8.156731635800124
ظهور,8.10445990470756
كره,8.0163335938533
كيف,7.966858881406665
تحالف,7.941764046433418
احس,7.782884888000969
حزب,7.768495896383368
عرب,7.765753561968466
علمانيه,7.586470605758016
علماني,7.546337287380762
اكبر,7.542135377150812
لي,7.461180170900816
صوفي,7.3332437572289075
اقصي,7.263838223964863
غباء,7.242129039993984
انجس,7.095774618077979
تناقض,7.095774618077979
طائفي,7.018739991634968
حساب,7.007482552159637
دعم,6.868917236433537
فلسطين,6.806873529914468
بدين,6.772790983617388
نص,6.772790983617388
الاتارب,6.772790983617388
دليل,6.628862833483211
بعض,6.506776234696732
طعن,6.44112089421517
خان,6.346488849365732
بهر,6.346488849365732
قم,6.346488849365732
لحم,6.346488849365732
خوارج,6.286484359085708
نفسي,6.286484359085708
يمن,6.204078860427608
دفع,6.058890087698113
اجاب,6.038619943671635
حقيقه,6.0242458365926534
ترامب,5.997930973162948
حثاله,5.997930973162948
اوسط,5.951199689450108
محتل,5.896647601529613
السيسي,5.896647601529613
صار,5.870304176876441
عقل,5.8327899294201515
حيوان,5.789532849967473
فاجر,5.789532849967473
عائش,5.660407842687458
غربي,5.660407842687458
هدف,5.588939344811383
حصار,5.578118449092166
شريف,5.373135899795279
عداوه,5.360801505253443
افتي,5.3258954819998285
الذي,5.3258954819998285
اذل,5.3258954819998285
مواجه,5.3258954819998285
مكر,5.3258954819998285
هتلر,5.3258954819998285
تحريض,5.3258954819998285
ملل,5.3258954819998285
شرع,5.313786568739026
خمر,5.313786568739026
اعلن,5.313786568739026
مجوسي,5.313786568739026
شكل,5.313786568739026
غضب,5.313786568739026
دوله,5.289046340917769
دم,5.228174363066291
قاتل,5.160286215001665
طبيعه,5.091611360406589
خطر,5.032971096538497
مجزره,5.021831752680426
جيش,4.91618557905389
مجرم,4.902873773226828
زلزال,4.897472864054254
ذل,4.838389495816869
هدد,4.838389495816869
عار,4.838389495816869
بول,4.838389495816869
هوي,4.773678032704182
دينا,4.748147103580816
مصر,4.666804691184877
فساد,4.652214458366402
مشكله,4.6014038245169075
حليف,4.523429904057176
احب,4.523389518228317
هلال,4.479990172820169
سلاح,4.479990172820169
قرب,4.470290023313113
عيال,4.470290023313113
خيانه,4.470290023313113
تدين,4.470290023313113
حرم,4.4456770820984675
اراد,4.436517325485037
رغم,4.339026350557801
صفق,4.339026350557801
كفار,4.339026350557801
عاقل,4.339026350557801
قصف,4.336383321617735
سلمان,4.282962861595983
مليون,4.183894286584352
صدق,4.166970393861015
ارض,4.050023145298196
هم,4.022832123168451
حري,3.955862476659153
عزيزي,3.955862476659153
مشارك,3.955862476659153
تحريم,3.9261482861057027
بريء,3.9261482861057027
غض,3.9261482861057027
ميناء,3.9261482861057027
حقيق,3.868879428740343
صليب,3.833115277458744
سيد,3.773043709659086
شرف,3.770972984407363
اتهم,3.770972984407363
احتلال,3.7465492784636645
ضال,3.7465492784636645
اكثر,3.7117491664155957
حريه,3.672227929505209
باع,3.6214619038140445
خطيب,3.6214619038140445
حرس,3.6214619038140445
هالك,3.6214619038140445
دخول,3.6214619038140445
محرم,3.6214619038140445
نهايه,3.61887512061261
تم,3.6073682190464265
بدع,3.457236809218795
شعار,3.3889080833861316
تخيل,3.3889080833861316
امير,3.30764907051714
تويتر,3.295891652411224
جنس,3.295891652411224
اخرج,3.295891652411224
جاء,3.234443064556233
مع,3.211118263149166
بطل,3.2068513588335774
الي,3.2068513588335774
بطرك,3.2068513588335774
عبودي,3.061685078872969
مبين,3.061685078872969
مستحيل,3.061685078872969
حول,3.061685078872969
علوي,3.061685078872969
انتقام,3.061685078872969
حجم,3.061685078872969
كاد,3.061685078872969
حضاره,3.061685078872969
قد,3.061685078872969
انتمي,3.061685078872969
وثني,3.061685078872969
الكراني,3.061685078872969
نار,3.0069925408125733
قتال,2.943746469227566
تنظيم,2.943746469227566
بلا,2.943746469227566
بشار,2.943746469227566
طائفه,2.9341927907720673
سوي,2.871102262523282
واقع,2.8471651690128157
فلسطيني,2.8409385758313
هزه,2.829591851338421
زعم,2.822565731559606
عقاب,2.822565731559606
ايش,2.822565731559606
الدواعش,2.822565731559606
افسد,2.822565731559606
تشويه,2.822565731559606
مش,2.811221637003259
اشد,2.7672409146805057
جن,2.7672409146805057
مقطع,2.7006451861785843
قائم,2.6448815973785846
اوربا,2.6448815973785846
ابي,2.6443749922471045
تطور,2.6443749922471045
اذن,2.5980411508106074
سجن,2.5980411508106074
فرس,2.5255031820431326
خرج,2.5255031820431326
مصيبه,2.507876757232676
شيوعي,2.507876757232676
تخلف,2.507876757232676
شرق,2.45516767153187
صوره,2.4084126482264985
دجال,2.4026440574377306
مر,2.4026440574377306
اسرائيلي,2.4011629681981628
مد,2.4011629681981628
تدخل,2.4011629681981628
رضي,2.3905171192868626
طرد,2.316467505530728
قريب,2.316467505530728
طلع,2.316467505530728
تفكير,2.256834430643163
اهان,2.256834430643163
قذف,2.256834430643163
تعاون,2.248509412849661
نسب,2.248509412849661
قليل,2.248509412849661
مكان,2.193376434405438
حال,2.1511389617328267
حل,2.1489656110985913
نبح,2.0842068977796644
مقابل,2.0842068977796644
كذاب,2.0842068977796644
عيب,2.0842068977796644
هاجم,2.0842068977796644
مؤيد,2.0842068977796644
احرج,2.0842068977796644
عقلي,2.0842068977796644
هرب,2.0842068977796644
جاسم,2.0842068977796644
شام,2.083239860908967
مات,2.059441576611939
وش,2.0403828718482404
نشر,2.019170174011006
فتوي,2.006122783210271
عادي,2.005051097069171
تحدث,1.9989436434211951
منع,1.9950710193639656
عامل,1.959672384109383
حلال,1.959672384109383
كاذب,1.959672384109383
تبني,1.959672384109383
قياد,1.959672384109383
متطرف,1.959672384109383
نادي,1.8672046223990377
صغير,1.8672046223990377
واضح,1.8672046223990377
امن,1.8194004409676026
ابرياء,1.7971878584534386
كيد,1.7971878584534386
اماره,1.7435029815627843
شك,1.7435029815627843
انكر,1.7435029815627843
حذر,1.7435029815627843
ابتغي,1.7435029815627843
مثل,1.7253308048694034
حماس,1.6700664863113286
ظن,1.6700664863113286
سالم,1.6700664863113286
عكس,1.6454733924294913
داعي,1.6454733924294913
ذبح,1.6454733924294913
دائم,1.6454733924294913
قدم,1.6355300188032207
وصل,1.6355300188032207
راوند,1.6177573288093225
اتبع,1.6102241052390436
جاهل,1.5984426981595181
قادم,1.596555602070778
منافق,1.5927968541522686
خبر,1.5927968541522686
اي,1.5920703524844115
غد,1.5277344592966355
اخاف,1.5277344592966355
صدفه,1.5277344592966355
معاويه,1.5277344592966355
قروب,1.4202540640750088
اشرك,1.4202540640750088
اثار,1.4202540640750088
صراح,1.4202540640750088
طول,1.4202540640750088
سخيف,1.4202540640750088
زايد,1.4202540640750088
احتل,1.4202540640750088
مقتل,1.4202540640750088
علق,1.4202540640750088
اوان,1.4202540640750088
عسكري,1.4202540640750088
قادر,1.4202540640750088
ثقافه,1.4202540640750088
متهم,1.4202540640750088
مجاهد,1.4202540640750088
سؤال,1.3603532582948137
حسين,1.3603532582948137
خادم,1.3466783255656616
توقع,1.3466783255656616
تاكد,1.3466783255656616
عجز,1.3466783255656616
خلاص,1.3466783255656616
اعتراف,1.3466783255656616
اخت,1.3466783255656616
خرافه,1.3466783255656616
غزالي,1.3466783255656616
نقي,1.3466783255656616
مثقف,1.3466783255656616
ازهر,1.3466783255656616
عجيبه,1.3466783255656616
حوز,1.3466783255656616
طفل,1.3451157468025141
قطر,1.3302133342995646
مصلحه,1.2950458904193636
شتي,1.2950458904193636
هما,1.2950458904193636
مرتزق,1.2950458904193636
مكه,1.2950458904193636
هدم,1.2950458904193636
نساء,1.2878794933385633
وجه,1.2733069849120173
شارك,1.2584317710306743
سوق,1.2584317710306743
جلد,1.2584317710306743
تطرف,1.2584317710306743
وطن,1.2356330087138312
مقاومه,1.2325490761466404
قاعد,1.2325490761466404
تحدي,1.2325490761466404
خوف,1.2325490761466404
كبري,1.2325490761466404
نسي,1.2189101564813798
غريب,1.2189101564813798
خاف,1.2146020124622636
صح,1.2146020124622636
خدم,1.2026894454501786
خلف,1.2026894454501786
يمني,1.1954735442660338
كردي,1.1954735442660338
نصير,1.1934924228235138
محمود,1.1919855391068424
مفتي,1.191506669269345
وليد,1.191506669269345
بقي,1.0263560910285974
استضاف,0.9784276225063651
وجود,0.967450302598548
ابناء,0.9507539829258835
نعم,0.9283388917514426
اصبهان,0.9188453650533448
ايراني,0.8893686762006451
ارضيه,0.8885237237445439
بحث,0.8741089458326147
راس,0.8602988622158918
انتظر,0.8602988622158918
قل,0.8491988583340635
اصدار,0.8491988583340635
حكيم,0.8491988583340635
عاصمه,0.8491988583340635
استخدام,0.8491988583340635
عارف,0.8491988583340635
سماوي,0.8491988583340635
خذل,0.8491988583340635
ذال,0.8491988583340635
الصفويين,0.8491988583340635
ضحك,0.8471976531008721
سوري,0.8471976531008721
تحول,0.8349355476275998
ليش,0.823677506840023
دافع,0.823677506840023
غوطه,0.8206646843876171
اطلع,0.8206646843876171
متعه,0.8206646843876171
غزه,0.8206646843876171
اوقف,0.8206646843876171
صانع,0.8206646843876171
ار,0.8206646843876171
تطهير,0.8206646843876171
بث,0.8206646843876171
ولاء,0.8206646843876171
انتشار,0.8206646843876171
بد,0.8136356279294289
زعيم,0.8136356279294289
اجتمع,0.8136356279294289
اظهر,0.8136356279294289
وقت,0.8119168767484138
هجر,0.8050872735132736
نزل,0.8050872735132736
حيوحشنا,0.8050872735132736
زاد,0.8050872735132736
مراه,0.8050872735132736
اعلام,0.8050872735132736
مهدي,0.8050872735132736
غني,0.8050872735132736
اسير,0.804164290853489
ساعد,0.804164290853489
طهران,0.804164290853489
عيد,0.804164290853489
اكل,0.804164290853489
جري,0.804164290853489
افريقيا,0.804164290853489
اعتقل,0.804164290853489
اكد,0.804164290853489
خاسر,0.804164290853489
طائف,0.7984022655534977
قطع,0.7984022655534977
اعلم,0.7984022655534977
ضعيف,0.7956911222921601
حجر,0.7956911222921601
اعلان,0.7956911222921601
صدام,0.7956911222921601
ناصر,0.7940849123211748
معتدل,0.7928412515400103
انتشر,0.7928412515400103
جنوب,0.7928412515400103
متحد,0.7928412515400103
مشهد,0.7928412515400103
وجب,0.7352744710403821
طيلسان,0.6597494380402027
خليج,0.6225681216911388
صحابه,0.6225681216911388
قوم,0.5859169865098818
جزيره,0.5678409077299821
لازم,0.5499680138837381
عراقي,0.5499680138837381
سماح,0.5323348717684356
داخل,0.5323348717684356
تمني,0.48141521841416274
سعي,0.48141521841416274
محد,0.4653765052019677
معابد,0.4653765052019677
شغل,0.45002080050458804
اح,0.45002080050458804
بعيد,0.45002080050458804
اطرد,0.45002080050458804
مشي,0.45002080050458804
ساكن,0.45002080050458804
شريعه,0.45002080050458804
قبع,0.4480865740836897
سبام,0.4480865740836897
مصري,0.4355593279783503
خروج,0.4355593279783503
قتيل,0.4355593279783503
لذيذ,0.4355593279783503
اطلق,0.42230271782989
علاونه,0.42230271782989
فاسد,0.42230271782989
تعليق,0.42230271782989
خليفه,0.42230271782989
يمين,0.42230271782989
لون,0.42230271782989
شعور,0.42230271782989
تصدي,0.42230271782989
مصير,0.4107272778350351
شديد,0.4107272778350351
معقل,0.4107272778350351
نفذ,0.4107272778350351
فائده,0.4107272778350351
نصف,0.4107272778350351
تميم,0.4107272778350351
وحي,0.4107272778350351
وراء,0.4107272778350351
ادخل,0.4107272778350351
شمل,0.4107272778350351
شبهه,0.4107272778350351
تهجير,0.4016024376059473
عشق,0.4016024376059473
قسيس,0.4016024376059473
خسر,0.4016024376059473
عائله,0.4016024376059473
عقليه,0.4016024376059473
تخلي,0.4016024376059473
سخر,0.4016024376059473
تقبل,0.4016024376059473
قياده,0.4016024376059473
عجيب,0.4016024376059473
مخلوق,0.4016024376059473
ممنوع,0.4016024376059473
فرد,0.396257222967893
اعتدال,0.396257222967893
ذراع,0.396257222967893
فئه,0.396257222967893
انتصار,0.396257222967893
بغض,0.396257222967893
بوذي,-3.266490667585294e-05
اعمل,-9.871811328383134e-05
تامل,-9.871811328383134e-05
حرف,-9.871811328383134e-05
فكري,-9.871811328383134e-05
طبيعي,-9.871811328383134e-05
خط,-9.871811328383134e-05
روسيا,-9.871811328383134e-05
قاعده,-9.871811328383134e-05
نحن,-0.00011470345749842028
جامع,-0.00019814989447502728
عاد,-0.00027032155259201085
نصرانيه,-0.0002788904997408331
محبه,-0.000527333708759496
غزو,-0.000527333708759496
شاه,-0.000527333708759496
جزائر,-0.000527333708759496
لقب,-0.000527333708759496
كاس,-0.0006442726530746242
ضرب,-0.0006442726530746242
مو,-0.0009006385454298424
تكلم,-0.0009006385454298424
اهدي,-0.0009413594210724707
سلفي,-0.0009413594210724707
قديم,-0.0010567573727689812
شهر,-0.0010567573727689812
فجر,-0.0010567573727689812
كاتب,-0.0010567573727689812
بينما,-0.0010567573727689812
تعامل,-0.0010567573727689812
زلزله,-0.0015882834412204055
اغلب,-0.0015882834412204055
شخص,-0.001892618904959495
نفس,-0.0023914315030505663
تعالي,-0.0025011886410067482
ترك,-0.003059584510967891
وعي,-0.003234004719053159
قنا,-0.003234004719053159
جواب,-0.003234004719053159
كويتي,-0.003234004719053159
تحرير,-0.003234004719053159
تحقيق,-0.003234004719053159
خالد,-0.003234004719053159
هز,-0.0037356642315943146
يد,-0.004006628587468833
قاد,-0.004858879250182184
اجل,-0.00508828319296351
اصاب,-0.00508828319296351
قانون,-0.00508828319296351
الحمدلله,-0.00508828319296351
سبيل,-0.005188166174296778
تاجر,-0.005730199465784942
مستانس,-0.005730199465784942
بسيط,-0.005730199465784942
نحر,-0.005730199465784942
نزع,-0.005730199465784942
اهلك,-0.005730199465784942
جو,-0.005730199465784942
استغل,-0.005730199465784942
اعتناق,-0.005730199465784942
شاعر,-0.005730199465784942
منكر,-0.005730199465784942
حسد,-0.005730199465784942
حجاب,-0.005730199465784942
اختار,-0.005730199465784942
طرح,-0.005730199465784942
الهي,-0.005730199465784942
طوبي,-0.005730199465784942
رجع,-0.0064890360174608315
تاريخ,-0.006826386108624243
افضل,-0.008124500820522981
دين,-0.00880659684929667
مشروع,-0.010503088915876115
حقيقي,-0.011487257627461318
دولي,-0.011487257627461318
عز,-0.011487257627461318
اعجب,-0.011487257627461318
اشرف,-0.011992383688003618
فاضي,-0.011992383688003618
سار,-0.011992383688003618
عبده,-0.011992383688003618
طبق,-0.011992383688003618
تغريد,-0.011992383688003618
شاب,-0.011992383688003618
فرق,-0.012503985432531005
قص,-0.012503985432531005
عيسي,-0.012503985432531005
الا,-0.012503985432531005
انا,-0.013614810522420813
متسامح,-0.014370795220280275
عيش,-0.01471258836772652
زوجه,-0.01471258836772652
مرحله,-0.01471258836772652
حلق,-0.01471258836772652
خارج,-0.01471258836772652
مختلف,-0.01471258836772652
اقليه,-0.01471258836772652
صفح,-0.01471258836772652
عرض,-0.014951961391680847
دخل,-0.015398045866799583
عين,-0.015595877267062058
عون,-0.017271363767490652
عاده,-0.01974937218216017
بل,-0.020775964042859644
طالب,-0.02184744800437801
ام,-0.022837149865037164
لدي,-0.024845448105884415
بال,-0.024845448105884415
شان,-0.024845448105884415
سمح,-0.024845448105884415
ثبت,-0.024845448105884415
ارضي,-0.0251211700813623
سياسي,-0.0251211700813623
روح,-0.02528236686136903
اتخذ,-0.026145474478683525
جمهور,-0.026145474478683525
تركي,-0.026145474478683525
رصيد,-0.026145474478683525
زواج,-0.026145474478683525
اراي,-0.026145474478683525
عبيد,-0.026145474478683525
شتم,-0.026145474478683525
حرص,-0.026145474478683525
فكر,-0.026809044338670224
هويه,-0.028777782405497384
اردوغان,-0.028777782405497384
فجع,-0.028777782405497384
يارسول,-0.028777782405497384
جانب,-0.028777782405497384
شافعي,-0.028777782405497384
فشل,-0.028777782405497384
اعترف,-0.028777782405497384
صله,-0.028777782405497384
زيد,-0.028777782405497384
تجاوز,-0.028777782405497384
ضاق,-0.028777782405497384
عهد,-0.02950480467177479
بدل,-0.02950480467177479
شاهد,-0.03097299730524672
فتح,-0.0316040081512065
جد,-0.03478788975042527
اثر,-0.03667612620812703
قوه,-0.03890074744805534
وسط,-0.039259428075703345
سلطان,-0.039259428075703345
خصوص,-0.039259428075703345
اندلس,-0.039259428075703345
هيئه,-0.04047619225517484
محب,-0.04322109844889039
ثاني,-0.04322109844889039
طقس,-0.04322109844889039
هنا,-0.049897679387609084
مدينه,-0.05245143751708422
سهل,-0.05245143751708422
ثوره,-0.05357814127200471
صاحب,-0.05671687046275455
تواجد,-0.057596756532481155
طب,-0.057596756532481155
تسمع,-0.057596756532481155
عروبه,-0.057596756532481155
تقوي,-0.057596756532481155
دمشق,-0.057596756532481155
مبتدع,-0.057596756532481155
بق,-0.057700880934953964
شعر,-0.057700880934953964
اخذ,-0.06177703043460011
وزير,-0.06526557918923317
طيب,-0.06526557918923317
دون,-0.06674483670884372
قسم,-0.0687909837498414
تكفير,-0.0687909837498414
رمز,-0.0687909837498414
لعب,-0.06953207132273341
نقل,-0.06953207132273341
فريق,-0.06953207132273341
زوج,-0.06953207132273341
مارس,-0.06953207132273341
احتاج,-0.06953207132273341
معصيه,-0.06953207132273341
ال,-0.07229394504216945
اخ,-0.0743657385847801
وضع,-0.07735178583601922
ولي,-0.07735178583601922
اخجل,-0.07735744625567274
عماد,-0.07735744625567274
اعتبر,-0.07878838790694037
بعد,-0.07878838790694037
حاكم,-0.08142261074094172
احترام,-0.0846867317416136
دري,-0.0846867317416136
موجود,-0.0846867317416136
الف,-0.08511087932858984
لكن,-0.08677039905559182
سمع,-0.0913964615180809
عاوز,-0.09673157208628885
لبي,-0.09673157208628885
اسد,-0.10111675079716571
مشكل,-0.10111675079716571
ابد,-0.10136041335491645
سبحان,-0.10489744413545454
خاص,-0.10555077653301753
فتنه,-0.1055869642681786
مفكر,-0.10566111825945726
لام,-0.10657416036574431
ايد,-0.10657416036574431
تعلم,-0.10657416036574431
تمام,-0.10657416036574431
نتيجه,-0.10657416036574431
مستقبل,-0.10657416036574431
جمهوري,-0.10657416036574431
اختلاف,-0.10657416036574431
سلامه,-0.10657416036574431
مجموع,-0.11544262500527185
حين,-0.11598745143531604
معي,-0.11611963363050293
ود,-0.11611963363050293
عم,-0.11611963363050293
سحر,-0.11611963363050293
خليجي,-0.11611963363050293
بريطانيا,-0.11611963363050293
غائب,-0.11611963363050293
نووي,-0.11611963363050293
اصل,-0.1182724451893126
حكومه,-0.12266173544245686
كثر,-0.12690225554582557
اسف,-0.12690225554582557
عند,-0.12690225554582557
حصل,-0.13517687031421255
زال,-0.13517687031421255
اقسم,-0.13552164592956153
معبد,-0.13552164592956153
احرق,-0.13552164592956153
بارك,-0.13552164592956153
نقد,-0.13552164592956153
تغيير,-0.13552164592956153
مصلح,-0.13552164592956153
ادم,-0.13552164592956153
اشاعه,-0.13552164592956153
عباد,-0.13815449966043825
يهوديه,-0.1395415082661102
شاء,-0.1395415082661102
تابع,-0.1395415082661102
حمل,-0.1395415082661102
هذا,-0.13959977339885002
اسلامي,-0.14861552013581675
سمي,-0.15266663408964035
تطبيع,-0.15493762404636258
فرض,-0.15493762404636258
كراهيه,-0.15493762404636258
بكي,-0.15493762404636258
ها,-0.15493762404636258
حاخام,-0.15493762404636258
صنع,-0.15493762404636258
عقد,-0.15493762404636258
زار,-0.15493762404636258
شرط,-0.15493762404636258
نقاش,-0.15493762404636258
تسامح,-0.15744667166597265
عدل,-0.15744667166597265
اكيد,-0.15744667166597265
اعز,-0.15744667166597265
امل,-0.15744667166597265
نفوذ,-0.1586342571637359
شمال,-0.1586342571637359
ودع,-0.1586342571637359
نهار,-0.1586342571637359
معظم,-0.1586342571637359
استقبل,-0.1586342571637359
عداء,-0.1586342571637359
اغار,-0.1586342571637359
ماء,-0.1586342571637359
ربط,-0.1586342571637359
خالف,-0.1586342571637359
رمي,-0.1586342571637359
قرن,-0.16389197828897475
اقوي,-0.16389197828897475
ظالم,-0.17039604603635544
قضيه,-0.1735392250733931
طاهر,-0.1743675830654985
عصر,-0.1743675830654985
سبق,-0.1743675830654985
زد,-0.1743675830654985
اتفق,-0.1743675830654985
ظاهر,-0.1743675830654985
جل,-0.1743675830654985
بشر,-0.18484282253255474
عدم,-0.18484282253255474
سوريا,-0.1850446468536704
امراه,-0.1873945069414767
باقي,-0.1883285392448349
رفض,-0.1883285392448349
دار,-0.1896829625226272
حشر,-0.19381153809329202
فقير,-0.19381153809329202
بقر,-0.19381153809329202
بدوي,-0.19381153809329202
نوع,-0.19381153809329202
قبل,-0.20185405855274088
توحيد,-0.20322286643271587
لماذا,-0.20893084375198845
سم,-0.20921469116149907
جماع,-0.20921469116149907
انتهي,-0.20921469116149907
جار,-0.2117027915999857
اقرب,-0.2117027915999857
درج,-0.2117027915999857
قضي,-0.2117027915999857
اختلف,-0.2117027915999857
شرب,-0.2117027915999857
ثلاث,-0.2132695042578364
عباده,-0.2132695042578364
ارسل,-0.2132695042578364
تشيع,-0.2132695042578364
مواطن,-0.21380250405924436
حسب,-0.21677233765142578
كنيسه,-0.2177738778518524
وري,-0.22010599991167082
ايه,-0.22186103169921495
بناء,-0.23188819046307896
سيء,-0.23263734965452157
هدوء,-0.23263734965452157
قريه,-0.23263734965452157
صاروخ,-0.23263734965452157
معرفه,-0.23263734965452157
عمان,-0.23263734965452157
مدرسه,-0.23263734965452157
جهاد,-0.23263734965452157
دعوي,-0.23263734965452157
صر,-0.23263734965452157
رجا,-0.23263734965452157
ذكري,-0.23263734965452157
تحشر,-0.23263734965452157
متابع,-0.23263734965452157
تعبير,-0.23263734965452157
حاجه,-0.23263734965452157
نظريه,-0.23263734965452157
بورما,-0.23263734965452157
معلوم,-0.23263734965452157
نظم,-0.23263734965452157
قعر,-0.23263734965452157
احترم,-0.23274149670903882
كربلاء,-0.23274149670903882
قائد,-0.24308092738630488
مهم,-0.2522275306186513
انسانيه,-0.2522275306186513
واحد,-0.25444903935067653
اقام,-0.26150353126131015
امريكي,-0.26158560952006815
تصرف,-0.264866979486915
مصدر,-0.264866979486915
خالق,-0.264866979486915
حج,-0.27134986286916174
قدس,-0.27172762118031846
دفاع,-0.27172762118031846
فعل,-0.2793087348839178
جامعه,-0.2822903872528241
خالص,-0.2822903872528241
روايه,-0.2822903872528241
اثبت,-0.2822903872528241
بار,-0.2822903872528241
شخصيه,-0.2822903872528241
بحر,-0.2822903872528241
بكر,-0.2822903872528241
افتتاحخكنيسهخفيخقطرافتتاحكنيسهفيقطر,-0.2822903872528241
زمن,-0.2912417836096099
عرف,-0.2936700113320369
ب,-0.29889300784515815
بحرين,-0.29889300784515815
فارسي,-0.3107700331440673
اعتقد,-0.3141411790662232
مقدس,-0.3141411790662232
فيديو,-0.31614631015294437
حبيب,-0.31614631015294437
اخري,-0.31614631015294437
طريق,-0.32169107297649896
استطاع,-0.33031238504323457
وقع,-0.33031238504323457
مئه,-0.3335398982700968
جاز,-0.3335398982700968
الخ,-0.3335398982700968
وسيله,-0.3335398982700968
ابو,-0.338874141400099
قام,-0.3404166100470133
ذنب,-0.3670376572322503
مجتمع,-0.3670376572322503
اسم,-0.3725827623856489
ضغط,-0.37532856977841217
مدرس,-0.37532856977841217
بدعه,-0.37532856977841217
صراع,-0.37532856977841217
بدن,-0.37532856977841217
حنبلي,-0.37532856977841217
عمل,-0.3819362406057506
اقل,-0.3855821474386998
اخر,-0.38965057891539123
بعث,-0.4189496720352451
فقيه,-0.4189496720352451
صف,-0.42493605702321446
اسال,-0.42493605702321446
اتباع,-0.44786350341482006
وجد,-0.4512228548523698
مسيح,-0.4568823424056344
رحيم,-0.4663651213553784
شب,-0.4663651213553784
تعايش,-0.4663651213553784
نسبه,-0.4663651213553784
كم,-0.47342073475845464
يوم,-0.49692424060390195
اثنين,-0.5004330938154247
اهلي,-0.5004330938154247
اغنيه,-0.5004330938154247
قيامه,-0.5004330938154247
اسمع,-0.5004330938154247
اتصال,-0.5004330938154247
اقتصاد,-0.5004330938154247
متدين,-0.5004330938154247
نيه,-0.5004330938154247
تجربه,-0.5004330938154247
اعاد,-0.5004330938154247
مشرق,-0.5004330938154247
قبطي,-0.5004330938154247
رشفه,-0.5004330938154247
نافذه,-0.5049502640954469
لم,-0.5057716219773098
يوسف,-0.5157856422316618
سعوديه,-0.5157856422316618
ظهر,-0.5157856422316618
بيت,-0.516547581805117
هدي,-0.5260450414662985
تذكر,-0.5263772577194404
مجلس,-0.5263772577194404
اعطي,-0.532131813215066
علم,-0.5409235600532141
ناس,-0.5532521600406742
كل,-0.5585088501325924
عامه,-0.5638045221459638
قناه,-0.5664161463570301
تيميه,-0.5804311767483502
ماذا,-0.5856532583160061
عذاب,-0.6068252698717899
ولد,-0.6068252698717899
حلو,-0.6068252698717899
مؤسس,-0.6635887754910723
نبوي,-0.6635887754910723
سياسه,-0.6635887754910723
سقوط,-0.6635887754910723
علاق,-0.6635887754910723
انتقد,-0.6635887754910723
اعتنق,-0.6635887754910723
جريح,-0.6635887754910723
ادي,-0.6635887754910723
معركه,-0.6635887754910723
ضحيه,-0.6698557754293591
عني,-0.6736302270399982
معلومه,-0.6736302270399982
مكون,-0.6736302270399982
عدن,-0.6736302270399982
محافظ,-0.6736302270399982
مخالف,-0.6736302270399982
شهد,-0.6824392471374473
وعد,-0.6824392471374473
حظ,-0.6824392471374473
رسمي,-0.6824392471374473
فلسفه,-0.6824392471374473
سلف,-0.6824392471374473
تعليم,-0.6824392471374473
اول,-0.7011909996814993
قيمه,-0.7141841865311163
عربي,-0.7465445228387699
حر,-0.7528247111563379
نصر,-0.7567181778490221
حدث,-0.8011918818925913
رفع,-0.8011918818925913
راي,-0.8011918818925913
اتي,-0.8018272110913455
عاش,-0.8120455146297362
منطق,-0.8286237585533976
ربما,-0.8286237585533976
ولايه,-0.8286237585533976
هاي,-0.8286237585533976
وحيد,-0.8417757139047656
اخير,-0.8417757139047656
كامل,-0.8417757139047656
مبدا,-0.8424922842230632
كاف,-0.8424922842230632
نجح,-0.8424922842230632
غرد,-0.8424922842230632
رشف,-0.8424922842230632
في,-0.8633429485033743
عوده,-0.8684863336137382
كشف,-0.8684863336137382
شيعي,-0.8849988662894415
رجل,-0.9016010536375975
عنوان,-0.9029864175775286
بنت,-0.9041620865427494
نظر,-0.920183071846559
شبه,-0.9423914974962198
والي,-0.9948743342424786
ضعف,-0.9948743342424786
مسيحيه,-1.003393171693398
حق,-1.0085303203742673
موسي,-1.0115367306668113
تركيا,-1.0115367306668113
مرء,-1.0115367306668113
جندي,-1.0115367306668113
مركز,-1.0115367306668113
ازمه,-1.0115367306668113
ساعه,-1.0256914063700278
معتقد,-1.0256914063700278
اربع,-1.0256914063700278
كلام,-1.0287852633615653
عالم,-1.034776321440778
لبس,-1.0563683069101242
ممارس,-1.082323888172157
باهل,-1.082323888172157
اجنبي,-1.082323888172157
حركه,-1.082323888172157
احمر,-1.082323888172157
عمرو,-1.082323888172157
ترحيل,-1.082323888172157
مشترك,-1.082323888172157
اجره,-1.082323888172157
حذف,-1.082323888172157
لغه,-1.082323888172157
موحد,-1.082323888172157
روي,-1.082323888172157
سهم,-1.082323888172157
رد,-1.1378330657573656
وصف,-1.1619832580744853
قوي,-1.1619832580744853
امه,-1.1835476495791637
انسان,-1.1923940336940457
كي,-1.2123041162046764
ديانه,-1.2200323830169368
ازداد,-1.2449461823175885
مسكين,-1.2449461823175885
ليس,-1.2777502075011147
مملكه,-1.3231743733741563
فهم,-1.3297412341695176
علاقه,-1.3501739746150392
كف,-1.3501739746150392
فقه,-1.4097949872658246
عدد,-1.4097949872658246
نفع,-1.4097949872658246
قصد,-1.4097949872658246
المانيا,-1.4163095963993195
ثبات,-1.4163095963993195
تعدد,-1.4163095963993195
مدح,-1.4163095963993195
سديد,-1.4163095963993195
قول,-1.4299864136325378
باب,-1.4353562234106088
حد,-1.4567821505118517
فرح,-1.4968312569609232
شارع,-1.5088994224479895
صحيح,-1.514395253046748
حمي,-1.5197673653590342
دور,-1.5197673653590342
قدر,-1.530023375938863
لبناني,-1.548049751775401
بلغ,-1.5504875801593434
مائي,-1.5504875801593434
محل,-1.5504875801593434
اتفاق,-1.5504875801593434
تلاقي,-1.5504875801593434
قدير,-1.5504875801593434
عبر,-1.5524947520086643
عزيز,-1.5760344837871931
كثير,-1.6167247326300207
رئيس,-1.6649730327777656
لسان,-1.6667264650417417
سر,-1.6895443318462156
ماضي,-1.6971893198546675
قصه,-1.6971893198546675
اشار,-1.6971893198546675
سلطه,-1.6971893198546675
دراسه,-1.6971893198546675
يسوع,-1.6971893198546675
غير,-1.6998487740850914
انجيل,-1.7432301886860828
منطقه,-1.7804128748929362
اخوه,-1.8010903501491684
مذهب,-1.8048902712123398
مظلوم,-1.8508616189735196
حافظ,-1.8508616189735196
جسد,-1.8508616189735196
مدين,-1.8595051723043192
عاجل,-1.911133953699048
هل,-1.9172746646280245
قس,-1.9642200451530543
مقال,-1.9642200451530543
هدايه,-1.9642200451530543
طلب,-1.9980287877856888
زمان,-1.9980287877856888
درس,-2.0088487560230295
خلاف,-2.0088487560230295
راح,-2.029650185607418
ثور,-2.0662866695457085
توراه,-2.0662866695457085
ازل,-2.0662866695457085
قلب,-2.0686135662199003
ظلم,-2.0795938037433936
جميل,-2.0795938037433936
دكتور,-2.0795938037433936
حزن,-2.0795938037433936
ذكر,-2.093825589178213
لا,-2.1053376149733345
صوت,-2.169720864697025
بر,-2.169720864697025
منهج,-2.1749429078156153
اصلاح,-2.1909730349610146
منيع,-2.1909730349610146
اعتقاد,-2.1909730349610146
طاعه,-2.328663668436362
القي,-2.328663668436362
احسن,-2.3326398711821583
عراق,-2.3584856735484054
كبير,-2.3857510750304214
بلد,-2.419730837376396
شيخ,-2.4224427848346197
رحمن,-2.4745509824124987
عالمي,-2.4745509824124987
شهاده,-2.4745509824124987
صفه,-2.497082091730314
سابق,-2.497082091730314
ماروني,-2.497082091730314
ديني,-2.5276281741958404
اقليم,-2.551050006853115
اخطا,-2.551050006853115
اعراب,-2.5547898150186916
ليله,-2.5547898150186916
اسلم,-2.5547898150186916
صفقه,-2.5547898150186916
اردن,-2.5547898150186916
معلم,-2.5547898150186916
بلاء,-2.5547898150186916
انس,-2.5547898150186916
عمي,-2.5547898150186916
المدخلي,-2.5547898150186916
جافي,-2.5547898150186916
مترف,-2.5547898150186916
فاصبروا,-2.5547898150186916
ل,-2.578952539448942
شكر,-2.5874753522595015
بخاري,-2.5874753522595015
تقرير,-2.6208452213055318
استودع,-2.6208452213055318
فصل,-2.6208452213055318
فارس,-2.6208452213055318
غالي,-2.6208452213055318
سوء,-2.625964227645252
جنوبي,-2.625964227645252
دعا,-2.6610611851451336
عقيده,-2.671995412407297
بدا,-2.6734670543012897
زياره,-2.719785259961886
اعلامي,-2.719785259961886
نصح,-2.719785259961886
وطني,-2.781301074371271
طرف,-2.781301074371271
لبنان,-2.8075083732457764
ايا,-2.83823238161521
حمد,-2.843287940782778
صالح,-2.8616378098784283
دعوه,-2.927695887581821
كون,-2.9395419673842884
ثالث,-2.969230403830867
علمي,-2.969230403830867
لسن,-2.996611620377754
قران,-3.0408900366404956
فرقه,-3.054404713999351
عام,-3.1000073035741686
اعظم,-3.1000073035741686
استاذ,-3.1789412414372533
وفق,-3.1789412414372533
نصيب,-3.1789412414372533
حلم,-3.1789412414372533
مطلق,-3.1789412414372533
راجع,-3.1789412414372533
نائب,-3.1789412414372533
مجال,-3.1789412414372533
موقع,-3.2073757934565306
سايس,-3.2073757934565306
تاب,-3.2073757934565306
احم,-3.2073757934565306
غادر,-3.2073757934565306
اسماعيلي,-3.2073757934565306
بصري,-3.2545185785692885
مصطفي,-3.278416372860352
موضوع,-3.3331773108562657
حب,-3.370097629521545
سعاده,-3.3754631636117503
مرجع,-3.3754631636117503
مانع,-3.3754631636117503
موقف,-3.4047964835214084
قرا,-3.5585733225999756
شهيد,-3.5585733225999756
من,-3.567840553061072
حياه,-3.713608737176247
مل,-3.71443270966694
حاج,-3.8205993001354335
نعيم,-3.8205993001354335
عبدالعزيز,-3.8205993001354335
تلقي,-3.8205993001354335
مشاركه,-3.8300174131316718
زائر,-3.8300174131316718
دستور,-3.8300174131316718
قلق,-3.8300174131316718
اجمل,-3.8626490912511238
حسن,-3.864503792011224
اقنع,-3.9293662108716485
شريك,-3.9293662108716485
انجل,-3.9293662108716485
خطاب,-3.9369355455383417
سماء,-3.9369355455383417
معروف,-3.9369355455383417
سعيد,-3.9369355455383417
اقر,-3.9369355455383417
الم,-4.032774773389771
عفو,-4.032774773389771
ذات,-4.032774773389771
محضر,-4.036746651660228
ملك,-4.04339159564438
مال,-4.057962063200921
ادعي,-4.143756561188905
معني,-4.143756561188905
سبع,-4.25843226237885
سلام,-4.409830755760075
تاريخي,-4.4563480758076235
كفي,-4.494731258634768
قومي,-4.503025686742242
الباني,-4.503025686742242
سائر,-4.503025686742242
كربه,-4.503025686742242
رجب,-4.503025686742242
حفظ,-4.542580044960026
رساله,-4.596266212410745
جمع,-4.596266212410745
مالك,-4.596404790963203
عضو,-4.596404790963203
برد,-4.650035130194125
صبر,-4.650035130194125
مخرج,-4.650035130194125
محمدا,-4.650035130194125
وقف,-4.696348446507919
صديق,-4.811652779339983
راعي,-4.9359356419251945
سن,-4.950586633453945
كان,-5.039115216130612
خمس,-5.09471755700864
شر,-5.106401174970414
تيار,-5.121554487652401
ذلك,-5.178385163352178
اعلي,-5.194148196296659
الراحمين,-5.194148196296659
اسكندريه,-5.194148196296659
الرابط,-5.194148196296659
دره,-5.194148196296659
اسماعيليه,-5.194148196296659
بطريرك,-5.335757521384296
تحميل,-5.385794077649154
بائع,-5.385794077649154
طالما,-5.385794077649154
قرار,-5.462709529990194
فضل,-5.574783544218448
عبدالله,-5.69905152843047
مره,-5.69905152843047
مريم,-5.737327663992568
جمال,-5.737327663992568
عقيد,-5.757027062950627
كريم,-5.757027062950627
اصلح,-5.775081247368315
صادق,-5.782720130475355
مبارك,-5.782720130475355
بيان,-5.782720130475355
وفاه,-5.782720130475355
تراث,-5.900415526190069
استغفر,-5.918201736190784
علامه,-5.918201736190784
خلق,-5.964088281940652
اهم,-5.965341401576552
وحد,-6.11793194832916
عظيم,-6.1289598559333305
سيده,-6.133684514980954
امان,-6.37393484622171
هندوسي,-6.390409516361138
تفسير,-6.619483434803039
اغضب,-6.619483434803039
صرف,-6.8914875786277205
بركه,-6.8914875786277205
نعمه,-6.8914875786277205
صابر,-6.8914875786277205
بين,-6.949303421195408
ما,-6.977870530312299
صلاح,-7.021231818509557
صلح,-7.021231818509557
جديد,-7.07190418109764
مكتب,-7.166611936213699
اسعد,-7.166611936213699
اجر,-7.166611936213699
لعل,-7.3494765610341455
اكرم,-7.3494765610341455
يالخروف,-7.3494765610341455
اذكار,-7.3680598336984575
صائم,-7.3680598336984575
مازح,-7.3680598336984575
مئذنه,-7.3680598336984575
صفر,-7.3680598336984575
شافي,-7.3680598336984575
خطا,-7.3680598336984575
اعطنا,-7.3680598336984575
اللبنانين,-7.3680598336984575
احمد,-7.488429413601317
ايمان,-7.798082477354187
احد,-8.105007752571002
اصبع,-8.171046088795048
امي,-8.171046088795048
كويت,-8.187903549811551
بيع,-8.307797333698645
استقاله,-8.351375679327093
بن,-8.722933096249356
ذهب,-8.769784367761568
عافي,-8.836442042168887
حمايه,-8.96898142983633
قراني,-8.96898142983633
مطمئن,-8.977287975093553
مغرب,-9.209191336948132
اكرام,-9.209191336948132
الله,-9.40226218511135
صل,-9.591146301226926
كتب,-9.681372641313553
امام,-9.716598991021293
تحيه,-9.786230896961968
عطاء,-9.786230896961968
ليل,-9.906609533009366
عرش,-10.25952733643512
حي,-10.291346764357128
ستر,-10.352134566886173
someuser,-10.57277944681106
لقاء,-10.59745078969172
سقم,-10.59745078969172
برنامج,-10.781119058152226
تفرق,-10.781119058152226
كلمه,-10.874126918547447
حوار,-10.874126918547447
دعاء,-11.156714768447614
عبد,-11.342577293903076
سائل,-11.410617860939992
جلال,-11.410617860939992
قال,-11.427164359839313
شرح,-11.546873146969054
منزل,-11.56944775048615
وسع,-11.573050584709987
ربوه,-11.701988474802981
ودي,-11.890200946361208
علي,-11.945601962899634
امين,-12.170918013167261
والدي,-12.225471782242902
ادبر,-12.368320652048325
اشفي,-12.66615379095085
somelink,-12.860518800584149
امسي,-13.04180432307478
فرج,-13.059349393399064
درزي,-13.587319678494108
عن,-13.671826716325636
اسلام,-13.714330616295307
سعد,-13.929895007774263
مؤمن,-14.157388070918968
ازيار,-14.177715700040213
اسفر,-14.67826178842936
حنبل,-14.67826178842936
عمر,-14.89480834604644
موت,-15.016735159193047
واجب,-15.103732669782985
اله,-15.51006155214259
ابن,-15.698282913755762
فسيح,-15.776000669583135
بطون,-16.003790115347005
اجمع,-16.23917697214879
ارق,-16.23917697214879
دهر,-16.383352644765253
ضياء,-16.537872338890352
فسحه,-16.537872338890352
سرور,-16.537872338890352
كتاب,-16.814725815689584
شتات,-17.140692242332367
توكل,-17.140692242332367
اخره,-18.00316311223885
انزل,-18.16904246957824
مس,-18.191472288042448
صحه,-18.3842883030067
يام,-18.538725889338693
somenumber,-18.76968473598511
نجران,-19.098971111484758
صلاه,-19.316510337327177
رسول,-19.868603913085444
رب,-19.92578493920394
جعل,-20.08896450242918
لباس,-20.43520518502014
دنيا,-20.639607446397168
حديث,-20.657218441786977
ضر,-20.850067582543353
نور,-20.861510502022014
هرير,-21.259951827957114
مشرك,-21.359219611526242
جنه,-23.380499648903317
رحمه,-23.525545265600105
شفاء,-23.739909434659513
حريري,-23.863051107638874
شفي,-23.973682643074383
ضيق,-24.534876342755936
مرض,-24.67318644030716
راوي,-25.355961506501647
عافيه,-25.395507788031573
صدر,-25.456238059290968
احفظ,-25.930003998033772
قبر,-26.79544594214427
محمد,-27.942584047892264
رزق,-31.16741777660574
اهل,-32.01408562509517
مسيحي,-33.54186298896144
سنه,-34.822728518176035
جماعه,-35.93058753479932
امر,-38.161787311848514
اصبح,-43.32761154545167
ارب,-43.59357026824308
اب,-43.59357026824308
سال,-46.39014947097176
ميت,-50.32842146433682
كلم,-51.887514819823025
نبي,-52.125339968155394
والد,-53.57048122716595
فطر,-54.99519740698965
مريض,-56.25599008418962
حنيف,-56.91373081085327
صلي,-62.738552603766244
خير,-64.32022138249188
اخلاص,-65.32221508611961
ابراهيم,-66.16535053233265
صباح,-66.44499941819606
غفر,-67.00111197872553
سني,-68.23982282543533
جميع,-75.11749627258231
سلم,-79.24505389076768
رحم,-79.51856503554313
مسلم,-94.15746118402102
اللهم,-151.68012235720104
